{
    "environment": {
        "ambientBoost": 1.0,
        "skyColor": [
            0.16176468133926392,
            0.07645106315612793,
            0.0681949183344841
        ]
    },
    "light": {
        "ambient": [
            0.20000000298023224,
            0.20000000298023224,
            0.20000000298023224
        ],
        "diffuse": [
            0.800000011920929,
            0.800000011920929,
            0.800000011920929
        ],
        "direction": [
            -0.30000001192092896,
            -1.0,
            -0.20000000298023224
        ],
        "intensity": 1.0,
        "specular": [
            1.0,
            1.0,
            1.0
        ]
    },
    "models": [
        {
            "path": "../resources/models/backpack/backpack.obj",
            "position": [
                1.0295369625091553,
                0.0,
                5.516689300537109
            ],
            "rotation": [
                0.0,
                0.0,
                0.0
            ],
            "scale": [
                0.2161780148744583,
                0.2161780148744583,
                0.2161780148744583
            ]
        },
        {
            "path": "../resources/models/backpack/backpack.obj",
            "position": [
                -0.22390806674957275,
                0.0,
                3.5812482833862305
            ],
            "rotation": [
                0.0,
                0.0,
                0.0
            ],
            "scale": [
                0.2161780148744583,
                0.2161780148744583,
                0.2161780148744583
            ]
        },
        {
            "path": "../resources/models/backpack/backpack.obj",
            "position": [
                -5.293667316436768,
                0.0,
                6.910541534423828
            ],
            "rotation": [
                0.0,
                0.0,
                0.0
            ],
            "scale": [
                0.2161780148744583,
                0.2161780148744583,
                0.2161780148744583
            ]
        },
        {
            "path": "../resources/models/backpack/backpack.obj",
            "position": [
                6.709172248840332,
                0.0,
                5.3365302085876465
            ],
            "rotation": [
                0.0,
                0.0,
                0.0
            ],
            "scale": [
                0.2161780148744583,
                0.2161780148744583,
                0.2161780148744583
            ]
        },
        {
            "path": "../resources/models/backpack/backpack.obj",
            "position": [
                2.6868064403533936,
                0.0,
                9.955668449401855
            ],
            "rotation": [
                0.0,
                0.0,
                0.0
            ],
            "scale": [
                0.2161780148744583,
                0.2161780148744583,
                0.2161780148744583
            ]
        },
        {
            "path": "../resources/models/tests/IV4N-V2-with-symetry.fbx",
            "position": [
                -2.1718225479125977,
                0.0,
                13.734745979309082
            ],
            "rotation": [
                90.0,
                0.0,
                0.0
            ],
            "scale": [
                5.748868465423584,
                5.748868465423584,
                5.748868465423584
            ]
        },
        {
            "path": "../resources/models/backpack/backpack.obj",
            "position": [
                14.089103698730469,
                0.0,
                -1.0060206651687622
            ],
            "rotation": [
                0.0,
                0.0,
                0.0
            ],
            "scale": [
                1.0,
                1.0,
                1.0
            ]
        }
    ]
}