{
    "environment": {
        "ambientBoost": 1.0,
        "skyColor": [
            0.05000000074505806,
            0.05999999865889549,
            0.10000000149011612
        ]
    },
    "light": {
        "ambient": [
            0.20000000298023224,
            0.20000000298023224,
            0.20000000298023224
        ],
        "diffuse": [
            0.800000011920929,
            0.800000011920929,
            0.800000011920929
        ],
        "direction": [
            -0.30000001192092896,
            -1.0,
            -0.20000000298023224
        ],
        "intensity": 1.0,
        "specular": [
            1.0,
            1.0,
            1.0
        ]
    },
    "models": []
}