{
    "environment": {
        "ambientBoost": 1.0,
        "skyColor": [
            0.4329584836959839,
            0.6176470518112183,
            0.6067830324172974
        ]
    },
    "light": {
        "ambient": [
            0.20000000298023224,
            0.20000000298023224,
            0.20000000298023224
        ],
        "diffuse": [
            0.800000011920929,
            0.800000011920929,
            0.800000011920929
        ],
        "direction": [
            -0.10000000149011612,
            0.029999999329447746,
            -0.15000000596046448
        ],
        "intensity": 4.302000045776367,
        "specular": [
            1.0,
            1.0,
            1.0
        ]
    },
    "models": [
        {
            "path": "../resources/models/backpack/backpack.obj",
            "position": [
                -3.028984546661377,
                0.0,
                8.26085090637207
            ],
            "rotation": [
                0.0,
                0.0,
                0.0
            ],
            "scale": [
                1.0,
                1.0,
                1.0
            ]
        },
        {
            "path": "../resources/models/backpack/backpack.obj",
            "position": [
                2.87971830368042,
                0.0,
                2.04571795463562
            ],
            "rotation": [
                0.0,
                0.0,
                0.0
            ],
            "scale": [
                1.0,
                1.0,
                1.0
            ]
        },
        {
            "path": "../resources/models/backpack/backpack.obj",
            "position": [
                -2.470278263092041,
                0.0,
                1.7380449771881104
            ],
            "rotation": [
                0.0,
                0.0,
                0.0
            ],
            "scale": [
                1.0,
                1.0,
                1.0
            ]
        }
    ]
}